src/personal_accounts/identity.rs	authority_subject	1	standard	borderline	Principal::authority_subject	Exposes the (authority, subject) pair that keys journey-status ownership, so a wrong pair would silently scope status to the wrong owner.
src/personal_accounts/identity.rs	stable_actor_id	1	standard	borderline	Principal::stable_actor_id	Builds the length-prefixed actor id that account_strategies compares to the prepared actor, so a collision would silently weaken that binding check.
src/personal_accounts/identity.rs	verified	1	critical	a	Principal::verified	Decides whether a principal counts as verified: the sole-operator assertion yields None, so proof-requiring consumers refuse it (authentication decision)
src/personal_accounts/migration_precondition.rs	origin	1	critical	b	origin	Private helper of check_issuer: its None is the IssuerUnreadable refusal and its scheme-host-port is the value check_issuer's equality refuses on when a recorded token endpoint contradicts the attested issuer
src/personal_accounts/migration_source.rs	privately_owned	2	critical	c,d	privately_owned	Non-unix occurrence of the unix mode/owner check on the legacy credential file; it allows unconditionally and the privacy refusal is the DACL test in read_legacy_source, held critical under the stricter-tier rule so the cfg-gated twin keeps the 95% obligation
src/personal_accounts/mod.rs	claim_forced_refresh	1	standard	borderline	PersonalAccountStore::claim_forced_refresh	Wires the durable once-only force-refresh claim that stops a 401 buying repeat provider calls; decision itself is in storage::commit.
src/personal_accounts/mod.rs	commit_grant	1	standard	borderline	PersonalAccountStore::commit_grant	Wires a grant write to the account key under the authority lock; the binding and refusal live in storage::commit but a mistake here bypasses them.
src/personal_accounts/mod.rs	fence_expected_version	1	standard	borderline	PersonalAccountStore::fence_expected_version	Wires the whole-version fence of a provider-rejected grant under one lock acquisition; decision itself is in storage::commit.
src/personal_accounts/mod.rs	fmt	1	standard	borderline	GrantRecord::fmt	Debug impl that redacts access/refresh tokens; a mistake would silently leak credentials into logs.
src/personal_accounts/mod.rs	fmt	2	standard	borderline	InitializedStore::fmt	Debug impl that redacts the secret key-reference names; a mistake would silently leak them.
src/personal_accounts/mod.rs	initialize	1	standard	borderline	PersonalAccountStore::initialize	Creates the custody store (locks, sealed authority) via storage::initialize; a mistake would silently stand up an unprotected or replaced store.
src/personal_accounts/mod.rs	initialize_store_offline	1	standard	borderline	initialize_store_offline	Resolves accounts config and key references, refuses absent or invalid config, and hands the resolved store to the initializer; a mistake would silently create a store with wrong keys or roots.
src/personal_accounts/mod.rs	lock_authority	1	standard	borderline	PersonalAccountStore::lock_authority	The single authority-mutex acquisition point every custody operation goes through; a mistake would silently break the atomic version fence and commit exclusion.
src/personal_accounts/mod.rs	lookup	1	critical	c,d	PersonalAccountStore::lookup	Validates the full five-field principal/backend/resource/issuer key before lookup and refuses a poisoned store, so one principal's record is resolved only by its exact digest.
src/personal_accounts/mod.rs	mark_reconnect_required	1	standard	borderline	PersonalAccountStore::mark_reconnect_required	Wires the descriptor-revision fence that forces re-consent; decision itself is in storage::commit.
src/personal_accounts/mod.rs	open	1	standard	borderline	PersonalAccountStore::open	Opens the existing authority via storage::open and treats absence as an error; a mistake would silently fall back to an unverified or fresh store.
src/personal_accounts/mod.rs	refresh_tokens	1	standard	borderline	PersonalAccountStore::refresh_tokens	Passes the expected grant version into storage::commit::refresh_tokens under the lock; a mistake would silently drop the compare-and-swap that rejects stale refreshes.
src/personal_accounts/mod.rs	start_custody	1	standard	borderline	start_custody	Builds the production provider transport and starts custody; a mistake would silently start without the validated provider.
src/personal_accounts/mod.rs	start_custody_with_http	1	standard	borderline	start_custody_with_http	Orders provider issuer-metadata bootstrap before opening the store and locks, so a rejected descriptor refuses startup; reordering would silently disable that check.
src/personal_accounts/refusal.rs	marked	1	standard	borderline	marked	Recognises a refusal as account-marked from unsealed data, so a mistake would let non-resolver errors drive a connect offer for an account id.
src/personal_accounts/storage.rs	authority_aad	1	standard	borderline	authority_aad	Builds the AAD that binds the sealed authority to key id and instance; a mistake silently drops that binding.
src/personal_accounts/storage.rs	empty_authority	1	standard	borderline	empty_authority	Builds the authority with a fresh random store epoch that token AAD binds to; a constant epoch would disable replay separation.
src/personal_accounts/storage.rs	encode_fields	1	standard	borderline	encode_fields	Length-prefixed AAD encoding the token and authority ciphertext bindings rely on; an ambiguous encoding would silently weaken record binding.
src/personal_accounts/storage.rs	lower_hex	1	critical	d	lower_hex	Strict lowercase-hex length check that refuses malformed digests, generations and basenames read from disk records.
src/personal_accounts/storage.rs	prefix_allowed	1	critical	d	prefix_allowed	Decides whether a path prefix component is acceptable in a store path; unix returns false so any prefix is refused.
src/personal_accounts/storage.rs	random_hex	1	standard	borderline	random_hex	Mints the unguessable generation and record names the store relies on; a weak or constant value would silently undermine record identity.
src/personal_accounts/storage.rs	read_record	1	critical	d	read_record	Reads a candidate record under the measured size limit and maps every refusal to StorageUnavailable, never absence.
src/personal_accounts/storage.rs	record_file_limit	1	critical	d	record_file_limit	Computes the byte bound on reading a disk record so an untrusted file cannot force an unbounded read.
src/personal_accounts/storage.rs	retained_record	1	critical	b,c	retained_record	Returns a retained grant only for Connected or ReconnectRequired entries after digest and version authenticity checks, else None.
src/personal_accounts/vault.rs	after_upstream_401	1	critical	d	ManagedLease::after_upstream_401	Decides whether a backend 401 triggers a single forced refresh and whether a reconnect-required state is surfaced as a refusal.
src/personal_accounts/vault.rs	minted_by	1	critical	d	ManagedLease::minted_by	Pointer-identity check that a lease was minted by the currently installed strategy, so a replaced custody's credential is refused.
src/personal_accounts/vault.rs	new	1	standard	borderline	VaultStrategy::new	Binds descriptor, revision and the sole_operator assertion that later gate principal and fencing; a wrong value silently changes who is served.
src/personal_accounts/vault.rs	prepare_held	1	standard	borderline	VaultStrategy::prepare_held	Pairs the prepared credential with a ManagedLease holding this strategy, which the later recheck and minted_by comparison depend on.
src/personal_accounts/vault.rs	propagate	1	critical	a,c	VaultStrategy::propagate	Resolves the verified identity into an account-scoped credential for the backend via prepare, refusing when custody denies release.
src/personal_accounts/vault.rs	refusal	1	critical	d	refusal	Maps a custody refusal to the propagation error, deciding which states stay a closed Refuse versus typed connect states, never falling back.
src/personal_accounts/vault.rs	view_binding	1	critical	c	VaultStrategy::view_binding	Derives the per-account cache binding only if the account resolves and passes the descriptor-revision fence, scoping cache entries by owner.
src/personal_accounts/worker_callback.rs	abort_after_exchange	1	standard	borderline	abort_after_exchange	Revokes freshly exchanged tokens at the provider on every refused-commit exit, so a mistake would silently leave live tokens for a grant that was refused.
src/personal_accounts/worker_callback.rs	commit	1	standard	borderline	commit	Passes the journey owner key and expected fence to commit_journey_grant_if, so a wrong argument would silently disable the supersede fence or mis-scope the stored grant.
