src/oauth/client/grants.rs	save_issued_until	1	standard	borderline	OAuthClient::save_issued_until	Stores a login's token only after the credential locks are held, with the wait observing the Lead's cancel and the authorization window; a mistake would let a stopped backend's login store a credential or wait forever.
src/oauth/client/grants.rs	store_issued_locked	1	standard	borderline	OAuthClient::store_issued_locked	Writes a login's token and repairs a damaged refresh-state sidecar under the held locks; a mistake would leave a fresh token retired at its first refresh.
src/oauth/client/grants.rs	authorize_shared_with	1	standard	borderline	OAuthClient::authorize_shared_with	Leads, joins, refuses, or shares a captured cohort's recorded failure; a mistake would open a second browser login for callers of a failed cohort.
src/oauth/client/mod.rs	live_token	1	standard	borderline	OAuthClient::live_token	Returns the cached access token only if unexpired, in one read; a mistake would send an expired token or skip the fast path.
src/oauth/client/mod.rs	get_token_detached	1	standard	borderline	OAuthClient::get_token_detached	The detached token step: refresh bounded and revocable before any login, never falling into a login after its bound; a mistake would hand back a token after a stop or open a login a restart refused.
src/oauth/login_gate.rs	revoked_since	1	standard	borderline	LoginGate::revoked_since	Resolves when a restart or stop revoked work that set out at an epoch; a mistake would let detached pre-login work outlive a restart.
src/oauth/login_gate.rs	is_revoked	1	standard	borderline	LoginGate::is_revoked	Re-checks under the state lock whether work was revoked, on success paths; a mistake would hand a refreshed token to a caller a stop already ended.
src/oauth/login_gate.rs	classify	1	standard	borderline	LoginGate::classify	Classifies a bound that expired before any login: the cohort's recorded end, else pending, else the backend timeout, under one lock; a mistake mislabels a backend timeout as a login.
src/oauth/login_gate.rs	carry_scopes	1	standard	borderline	carry_scopes	Captures the caller's Provenance, fill and set-out scopes so a detached task's marks land on the caller's own Arcs; a mistake would lose AuthorizationPending classification.
src/oauth/login_gate.rs	run	1	standard	borderline	Carried::run	Re-enters the captured scopes around a detached task's work; a mistake would drop the caller's marks.
src/transport/http/requests.rs	detach_token_step	1	standard	borderline	detach_token_step	Runs an interactive caller's token step in its own task, waiting for the client under restart/stop revocation and the window; a mistake would reintroduce logins dropped with their caller or wait past a restart.
src/oauth/login_gate.rs	set_out_with_cohort	1	standard	borderline	set_out_with_cohort	Runs a start with the epoch and cohort it captured before queueing, so its late login shares a recorded failure at begin; a mistake would let a start open a second login after its cohort failed.
src/oauth/login_gate.rs	set_out_cohort	1	standard	borderline	set_out_cohort	Reads the cohort the current start captured, before any spawn; a mistake would hand a start's login the gate's newer cohort and lose C1 sharing.
src/oauth/client/grants.rs	authorize_until_by	1	standard	borderline	OAuthClient::authorize_until_by	Runs a login whose callback wait and token save are bounded by min(window, the detached step's one deadline); a mistake would let stalls add past the step's bound.
src/oauth/login_gate.rs	stage_end	1	standard	borderline	stage_end	A stage's end: its own bound from now or the step's one deadline, whichever is first; a mistake would reintroduce per-stage bounds that add up.
src/oauth/login_gate.rs	set_out_now	1	standard	borderline	LoginGate::set_out_now	Captures a detached step's epoch, cohort and one deadline before it queues, for both the request path and connect; a mistake would refuse nothing after a restart or split one login's cohort.
