# MIK-8202: raw wall-clock reads each file may still hold (path, count).
# scripts/release/check_clock_baseline.py fails when a count rises or an
# unlisted file gains one. Rows only shrink; part 2 empties this file.
src/attestation/audience_tests.rs	4
src/attestation/launcher.rs	3
src/attestation/signer.rs	3
src/attestation/validator_tests.rs	6
src/attestation/wiring.rs	1
src/backend/pool.rs	2
src/capability/executor/credentials.rs	3
src/capability/executor/readiness_list_tests.rs	2
src/chains/checkpoint.rs	2
src/chains/executor.rs	4
src/commands/config_export/mod.rs	3
src/commands/config_export/watch.rs	1
src/commands/identity.rs	6
src/commands/trust/baseline.rs	1
src/commands/trust/lab.rs	2
src/config_reload/grant_audit_crash_tests.rs	4
src/config_reload/grant_reload_trigger_tests.rs	2
src/cost_accounting/enforcer.rs	3
src/cost_accounting/mod.rs	3
src/cost_accounting/persistence.rs	3
src/events/backend_source.rs	1
src/events/client.rs	2
src/events/dedupe.rs	1
src/events/fanout.rs	4
src/events/fanout_tests.rs	15
src/events/governance.rs	1
src/events/hold_tests.rs	2
src/events/lifecycle_tests.rs	4
src/events/mod.rs	1
src/events/operational_source.rs	1
src/events/operational_source_tests.rs	5
src/events/reconcile.rs	2
src/events/reconcile_table_backend_tests.rs	10
src/events/reconcile_table_lifecycle_tests.rs	3
src/events/rpc.rs	2
src/events/rpc_tests.rs	3
src/events/runtime.rs	1
src/events/schedule_source.rs	2
src/events/schedule_source_tests.rs	2
src/events/services.rs	4
src/events/services_tests.rs	3
src/events/sources_tests.rs	10
src/events/store_expiry_tests.rs	16
src/events/store_hold.rs	1
src/events/store_pending_burial_tests.rs	4
src/events/store_pending_crash_tests.rs	2
src/events/store_pending_tests.rs	21
src/events/store_revive_tests.rs	3
src/events/store_tests.rs	17
src/events/upstream_listener.rs	1
src/events/upstream_session.rs	1
src/events/upstream_session_tests.rs	1
src/events/watch_hold_tests.rs	1
src/events/watch_source.rs	1
src/events/watch_source_hold.rs	2
src/events/watch_source_tests.rs	3
src/events/webhook_source.rs	2
src/events/worker.rs	11
src/events/worker_audit_order_tests.rs	7
src/events/worker_hold_tests.rs	1
src/events/worker_recheck_tests.rs	2
src/events/worker_tests.rs	9
src/failsafe/circuit_breaker.rs	2
src/failsafe/health.rs	5
src/gateway/auth_api_key_digest_tests.rs	4
src/gateway/auth_dashboard.rs	3
src/gateway/auth_dashboard_tests.rs	1
src/gateway/auth_live.rs	2
src/gateway/auth_resolved.rs	1
src/gateway/chain_test_support.rs	3
src/gateway/meta_mcp/account_rest_fixture.rs	1
src/gateway/meta_mcp/attestation_wiring_tests.rs	1
src/gateway/meta_mcp/call_dispatch.rs	1
src/gateway/meta_mcp/chain_receipt.rs	2
src/gateway/meta_mcp/events_hook_tests.rs	1
src/gateway/meta_mcp/grant_reload_tests.rs	6
src/gateway/meta_mcp/invoke/policy.rs	1
src/gateway/meta_mcp/invoke/relay_delivery_tests.rs	1
src/gateway/meta_mcp/response_security.rs	2
src/gateway/meta_mcp/response_security/delivery_record.rs	1
src/gateway/meta_mcp/signing.rs	2
src/gateway/meta_mcp/signing_delivery_tests.rs	3
src/gateway/meta_mcp/support.rs	1
src/gateway/meta_mcp/tests/backend_lists.rs	1
src/gateway/meta_mcp/tests/search_dispatch.rs	1
src/gateway/oauth/audit.rs	2
src/gateway/oauth/jwt.rs	10
src/gateway/proxy_scope_tests.rs	2
src/gateway/router/accounts/bridge_tests.rs	1
src/gateway/router/e5_dashboard_session_tests/handoff.rs	1
src/gateway/router/e5_dashboard_session_tests/link.rs	1
src/gateway/router/handlers/events.rs	1
src/gateway/router/handlers_session_subject_tests.rs	1
src/gateway/router/hardened_identity_tests.rs	1
src/gateway/router/identity_header_tests.rs	2
src/gateway/router/security_metrics_tests.rs	1
src/gateway/router/sso_admin_tests.rs	1
src/gateway/router/tests/attestation_routes.rs	2
src/gateway/router/tests/issue_555_listing_scope/direct_route.rs	1
src/gateway/router/tests/meta_firewall_verdict/list_and_task_block.rs	1
src/gateway/router/tests/openwebui_adapter.rs	4
src/gateway/router/tests/openwebui_adapter/connect_offer.rs	2
src/gateway/router/tests/openwebui_adapter/hosted_routes.rs	2
src/gateway/router/tests/openwebui_adapter/revoke_route.rs	2
src/gateway/router/tests/openwebui_adapter/start_route.rs	2
src/gateway/router/tests/task_execution_adapter/agent_task_owner.rs	1
src/gateway/router/tests/task_execution_adapter/attestation_tasks.rs	1
src/gateway/router/tests/task_execution_adapter/drain.rs	2
src/gateway/router/tests/task_execution_adapter/listen_scope.rs	2
src/gateway/router/tests/task_execution_adapter/query_serialization.rs	1
src/gateway/router/tests/task_execution_adapter/signing_joint/policy.rs	6
src/gateway/server/attestation_start_tests.rs	1
src/gateway/server/identity_grants.rs	2
src/gateway/server/mod.rs	1
src/gateway/session_lifecycle.rs	2
src/gateway/streaming_tests/listen_graceful.rs	2
src/gateway/task_service/execution/expiry.rs	1
src/gateway/task_service/execution/input_round.rs	2
src/gateway/task_service/execution/input_round_exit_tests.rs	1
src/gateway/task_service/execution/recovery.rs	1
src/gateway/task_service/execution/upstream/failed_policy_tests.rs	1
src/gateway/task_service/execution/upstream/refusal_tests.rs	1
src/gateway/task_service/mod.rs	3
src/gateway/task_service/record_legacy_tests.rs	3
src/gateway/task_service/runtime_tests.rs	1
src/gateway/task_service/runtime_tests/expiry.rs	4
src/gateway/task_service/runtime_tests/recovery.rs	3
src/gateway/task_service/store_disk.rs	2
src/gateway/task_service/store_expiry.rs	1
src/gateway/task_service/store_input.rs	1
src/gateway/task_service/store_tests/skipped.rs	1
src/gateway/task_service/store_tests/targets.rs	2
src/gateway/ui/control_plane/grant_projection_tests.rs	6
src/gateway/ui/control_plane/mutations.rs	2
src/gateway/ui/control_plane/snapshot.rs	1
src/gateway/ui/control_plane_authority_tests.rs	1
src/gateway/webhooks/mod.rs	3
src/gateway/webhooks/tests.rs	2
src/identity_grants/journal.rs	1
src/identity_propagation/mod.rs	1
src/key_server/audit.rs	3
src/key_server/handler.rs	7
src/key_server/identity_rules_tests.rs	1
src/key_server/store.rs	7
src/mtls/cert_manager.rs	3
src/oauth/client/mod.rs	2
src/oauth/client/tests.rs	2
src/oauth/storage.rs	7
src/oauth/storage/tests.rs	8
src/personal_accounts/migration_entry.rs	2
src/personal_accounts/service.rs	3
src/personal_accounts/vault.rs	1
src/protocol/continuation/ledger/in_flight_lifetime.rs	1
src/protocol/era.rs	1
src/protocol/tasks.rs	3
src/protocol/tasks/snapshot_tests.rs	2
src/protocol_revision_telemetry.rs	3
src/runtime/provider_tests.rs	2
src/scheduler/tests.rs	5
src/security/firewall/audit.rs	2
src/security/message_signing.rs	3
src/security/transparency_log_attributed.rs	1
src/security/transparency_log_degraded.rs	2
src/security/transparency_log_rotation.rs	2
src/security/transparency_log_rotation_tests.rs	1
src/tool_profiles/analytics.rs	2
src/tool_profiles/mod.rs	3
src/trust/lab.rs	1
tests/hardened_signing_e2e.rs	1
tests/message_signing_cache_replay.rs	3
tests/message_signing_delivery.rs	3
tests/message_signing_stdio_coverage.rs	3
tests/message_signing_stdio_reload.rs	3
tests/mik_5223_acs.rs	11
tests/mik_6746_contract_acs.rs	3
tests/mik_7212_mrtr_component_acs.rs	2
tests/mik_7630_events_delivery.rs	3
tests/mik_7630_events_delivery_lifecycle.rs	1
tests/mik_7630_events_subscribe.rs	1
tests/mik_7927_confirm_arms.rs	2
tests/signature_chain_hops/fake.rs	2
tests/task_upstream_recovery_sdk/issuer.rs	2
