rank	path	file	function	mutant	declared_killer_args	declared_assertion	can_kill	reason	proposed_test	g11_candidate	note
1	HTTP dispatch	src/gateway/router/origin_guard_hosted.rs	HostedScope::admits_host	.mutants-gap/1_admits_host.patch	--lib gateway::router::tests::openwebui_adapter::hosted_routes::guard_a_foreign_host_under_the_accounts_prefix_is_refused	src/gateway/router/tests/openwebui_adapter/hosted_routes.rs: Host evil.test on /accounts/v1/nope answers exactly 403	YES	killer added by #2877 (feb7bc559); RED in mutant run 37184438024 (left 404, right 403)	-	no	
2	HTTP dispatch	src/gateway/router/authorization.rs	decide_tool_target	.mutants-gap/2_decide_tool_target.patch	--lib gateway::router::tests::responses::backend_handler_tools_call_enforces_api_key_tool_scope	src/gateway/router/tests/responses.rs:516 assert_eq!(response.status(), StatusCode::FORBIDDEN)	YES	Mutant skips API-key check_tool_scope (its only src caller); test calls blocked_tool with an allowed_tools key on /mcp/demo and would get 200	-	no	
3	HTTP dispatch	src/gateway/router/accounts/connections.rs	api_route	.mutants-gap/3_connections_api_route.patch	--lib gateway::router::tests::openwebui_adapter::start_route::callback::delete::api_delete_without_an_adapter_assertion_is_unauthenticated	src/gateway/router/tests/openwebui_adapter/callback_delete.rs:147 assert_eq!(status, StatusCode::UNAUTHORIZED, "{body}")	YES	Bare API key reaches api_route with no VerifiedIdentity; mutant substitutes an empty identity so revoke_for answers 404/200 not 401	-	no	
4	HTTP dispatch	src/gateway/router/authorization.rs	require_admin_log_level	.mutants-gap/4_require_admin_log_level.patch	--lib gateway::router::log_level_admin_tests::a_non_admin_key_cannot_set_the_gateway_log_level	src/gateway/router/log_level_admin_tests.rs:137 assert_eq!(body["error"]["code"], -32600, ...)	YES	Sole setLevel admin gate on both routes; non-admin key would be forwarded and answered OK	-	no	
5	HTTP dispatch	src/gateway/router/authorization.rs	authorize_tool_target	5_authorize_tool_target.patch: the decision is still emitted with its audit records, but its verdict is discarded and Ok(()) returned (revised after intent review so successful-call audit emission is kept)	--lib gateway::router::tests::authz_and_sse::authorize_tool_target_blocks_ssrf_when_protection_enabled	src/gateway/router/tests/authz_and_sse.rs:227 result.expect_err("loopback backend must be blocked when SSRF protection is on")	YES	Unit test calls the function directly; mutant returns Ok(()) so expect_err panics	-	no	
6	HTTP dispatch	src/gateway/router/accounts.rs	own_key	.mutants-gap/6_own_key.patch	--lib gateway::router::tests::openwebui_adapter::revoke_route::revoke_route_undeclared_account_is_404_and_touches_nothing	src/gateway/router/tests/openwebui_adapter/revoke_route.rs:328 assert_eq!((status, body["error"]["code"]), (StatusCode::NOT_FOUND, json!("not_found")))	YES	Mutant falls back to the first managed descriptor for an undeclared id; DELETE of nope revokes alice's account and answers 200	-	no	
7	HTTP dispatch	src/transport/http/redirect_policy.rs	evaluate_redirect_for	.mutants-gap/7_evaluate_redirect_for.patch	--lib transport::http::tests::evaluate_redirect_cross_origin_public_host_rejected	src/transport/http/tests.rs:364 other => panic!("expected Reject, got {other:?}")	YES	Public cross-origin target clears SSRF; with the same-origin check skipped the decision is Follow and the match panics	-	no	
8	HTTP dispatch	src/gateway/router/backend_handlers.rs	resolve_passthrough_headers	.mutants-gap/8_resolve_passthrough_headers.patch	--lib gateway::router::backend_handlers::tests::passthrough::required_and_absent_refuses	src/gateway/router/backend_handlers/tests.rs:119 assert!(resolve_passthrough_headers(&cfg(true), &HeaderMap::new(), true).is_err())	YES	Direct unit call with required=true and no header; mutant returns Ok((vec![], None))	-	no	
9	HTTP dispatch	src/gateway/router/handlers.rs	meta_mcp_dispatch	.mutants-gap/9_meta_mcp_dispatch.patch	--lib gateway::router::identity_parity_tests::meta_route_contradiction_refusal_is_audited	src/gateway/router/identity_parity_tests.rs:136 assert_eq!(status, StatusCode::FORBIDDEN, "control: {route} did not refuse: {json}")	YES	Mutant drops only the agent-identity refusal return; proved-A-declared-B tools/list on /mcp would be served 200; no other meta-route caller of validate_agent_identity	-	no	
10	HTTP dispatch	src/gateway/router/accounts/bridge.rs	sole_cookie	.mutants-gap/10_sole_cookie.patch	--lib gateway::router::accounts::bridge::bridge_tests::only_one_nonempty_session_cookie_yields_a_token	src/gateway/router/accounts/bridge_tests.rs:87 assert_eq!(sole_cookie(&headers(&lines), NAME), None, "{lines:?}")	YES	Duplicated token=a; token=b rows return Some(b) under the mutant	-	no	
11	HTTP dispatch	src/gateway/router/direct_guards.rs	response_blocked	.mutants-gap/11_response_blocked.patch	--lib gateway::router::dispatch_parity_tests::t12_response_firewall_block_refuses_on_both_routes	src/gateway/router/dispatch_parity_tests.rs:300 assert_eq!(body["error"]["code"], -32600, "{at}: {body}")	YES	direct=true cell: blocked secret result is delivered (redacted) instead of refused; gate_payload runs no response firewall; firewall feature is default	-	no	successor of response_blocked, deleted in #3527; same behaviour (the patch disables the block decision inside scan_direct_egress)
12	HTTP dispatch	src/transport/http/mod.rs	same_origin	.mutants-gap/12_same_origin.patch	--lib transport::http::tests::evaluate_redirect_cross_origin_public_host_rejected	src/transport/http/tests.rs:364 other => panic!("expected Reject, got {other:?}")	YES	Mutant ignores host; base and target differ only in host (same scheme and port) so the redirect is followed. resolve_message_url test also differs in port and would not kill	-	no	
13	HTTP dispatch	src/gateway/router/handlers/request_checks.rs	request_check_refusal	.mutants-gap/13_request_check_refusal.patch	--test mik_7214_acs http::ac_header_3_a_disagreeing_method_header_is_refused_over_http	tests/mik_7214_acs.rs:793 assert_eq!(status, StatusCode::BAD_REQUEST, "{body}")	YES	Mutant skips the header-vs-body HeaderCheck (its only src use); tools/list body under Mcp-Method server/discover would be served 200	-	no	
14	HTTP dispatch	src/gateway/router/backend_handlers/notification_key.rs	resolve	.mutants-gap/14_notification_key_resolve.patch	--lib gateway::router::direct_notification_refusal_tests::a_required_passthrough_backend_refuses_without_a_credential	src/gateway/router/direct_notification_refusal_tests.rs:230 assert_eq!(status, StatusCode::FORBIDDEN) (via refused())	YES	Mutant turns the passthrough refusal into the shared bucket; no oauth so isolation passes and the notification is forwarded	-	no	
15	HTTP dispatch	src/gateway/router/handlers.rs	metrics_handler	.mutants-gap/15_metrics_handler.patch	--lib gateway::router::tests::metrics_scrape::metrics_wrong_token_is_401	src/gateway/router/tests/metrics_scrape.rs:46 assert_eq!(response.status(), StatusCode::UNAUTHORIZED, "{case}")	YES	Mutant serves metrics for any bearer; metrics feature is default	-	no	
16	HTTP dispatch	src/gateway/router/accounts/journeys.rs	status	.mutants-gap/16_journeys_status.patch	--lib gateway::router::tests::openwebui_adapter::hosted_routes::status_with_a_key_but_no_assertion_is_unauthenticated	src/gateway/router/tests/openwebui_adapter/hosted_routes.rs:589-590 status 401 unauthenticated (left 404 under the patch)	YES	killer added by #2880 (fe03ac3e7); RED under this patch on Spark	-	no	
1	account paths	src/identity_propagation/account_strategies.rs	AccountStrategyRegistry::revalidate	.mutants-gap/1_audience.patch: installed-audience recheck skipped (if false && ...)	--lib identity_propagation::account_strategies::lifetime_tests::revalidate_refuses_each_way_the_world_moved_since_the_mint	src/identity_propagation/account_strategies_tests.rs:283-286 refused(check(..), "installed audience changed")	YES	audience swap is checked with every other field held valid, so only this guard can refuse	-	no: any single recheck removal is fail-open	
2	account paths	src/personal_accounts/journey/limits.rs	inside	.mutants-gap/2_inside.patch: filter predicate prefixed false && so no event is ever in-window	--lib personal_accounts::storage::journey::tests::t_c06a_per_user_creation_is_a_sliding_ten_minute_rate	src/personal_accounts/journey/tests.rs:143-148 assert_eq!(refused(ninth), JourneyRefusal::RateLimited{..}) (helper panics at tests.rs:128 "expected a refusal, got success")	YES	empty window admits the 9th creation, refused() panics inside the declared assert	-	no: dropping events is fail-open; dropping only principal or window filter is fail-closed, but filter-false is not equivalent	
3	account paths	src/personal_accounts/worker_callback.rs	invalid_grant	.mutants-gap/3_scope_missing.patch: missing-scope branch disabled (if false && !requested...)	--lib gateway::router::tests::openwebui_adapter::start_route::callback::abort::t_c05c_invalid_grants_are_refused_and_revoked	src/gateway/router/tests/openwebui_adapter/callback_abort.rs:105 assert_outcome(&outcome, "scope_missing; provider_revoked") (fails at callback_route.rs:98 body.contains)	YES	first case grants other.scope with Bearer+refresh, so the mutant commits and the page says connected	-	no: each of the three branches can be removed alone	
4	account paths	src/personal_accounts/service.rs	AccountService::apply	.mutants-gap/4_scope_broaden.patch: broadening check disabled (if false && scopes.iter().any(..))	--lib personal_accounts::service::service_tests::service_refresh_tests::narrower_scopes_advance_epoch_and_retire_lease_but_broader_scopes_are_refused	src/personal_accounts/service_refresh_tests.rs:43-47 domain_err(.., "broader-scope refresh") then assert_eq!(broader_err, AccountServiceError::ScopeBroadeningRefused)	YES	bob's broader rotation commits, so domain_err's expect panics on Ok inside the declared check	-	no	
5	account paths	src/personal_accounts/vault.rs	VaultStrategy::recheck	.mutants-gap/5_custody_release.patch: release error discarded (let _ = ...; no ?)	--lib personal_accounts::vault::vault_tests::revalidate::a_revoke_after_the_mint_refuses_the_credential_at_the_durable_recheck	src/personal_accounts/vault_revalidate_tests.rs:194-201 .expect_err("a revoked grant must not revalidate") and contains("durable custody refused")	YES	after invalidate the release errors, mutant returns Ok, revalidate succeeds and expect_err panics	-	no	
6	account paths	src/personal_accounts/storage.rs	require_empty	.mutants-gap/6_require_empty.patch: stray-entry refusal disabled (if false && entry.file_name() != LOCK_FILE)	--lib personal_accounts::tests::s03_explicit_initialization_creates_encrypted_authority_and_reopens	src/personal_accounts/tests.rs:328-331 assert!(PersonalAccountStore::initialize(..).is_err(), "initialization must not replace existing authority")	YES	second initialize finds authority.json, mutant ignores it, claim_store succeeds (earlier open handle dropped) and replace_file overwrites	-	no	
7	account paths	src/personal_accounts/config/journey.rs	validate_return_paths	.mutants-gap/7_protocol_relative.patch: protocol-relative refusal disabled (|| (false && path.starts_with("//")))	--lib personal_accounts::config::journey::journey_tests::a_return_path_that_is_not_single_slash_absolute_is_refused	src/personal_accounts/config/journey_tests.rs:281 refused(&return_path(entry), "must start with exactly one /") (helper journey_tests.rs:156 panic "accepted; expected a refusal")	YES	first entry (protocol-relative //evil host) then passes every other path rule	-	no	
8	account paths	src/personal_accounts/config/journey.rs	validate_origin	.mutants-gap/8_https_scheme.patch: scheme check made vacuous ((true || url.scheme() == "https"))	--lib personal_accounts::config::journey::journey_tests::public_origin_that_is_not_a_bare_https_origin_is_refused	src/personal_accounts/config/journey_tests.rs:246-249 refused(.., ORIGIN_RULE "public_origin must be an https origin") (helper journey_tests.rs:156-160)	YES	first case is the plain-http origin, which serialises to itself, so it is accepted or refused for another reason; both fail refused()	-	no	
9	account paths	src/identity_propagation/account_strategies.rs	AccountStrategyRegistry::validate_and_audit_mint	.mutants-gap/9_required_audit.patch: required-without-log guard disabled (if false && required && logger.is_none())	--lib identity_propagation::account_strategies::lifetime_tests::a_minted_credential_is_validated_and_audited_before_it_is_used	src/identity_propagation/account_strategies_tests.rs:151-154 assert!(matches!(audited(None, true, &good).await, Err(Error::Internal(_))))	YES	with no logger the audit helper is a no-op, so the mutant returns Ok	-	no	
10	account paths	src/personal_accounts/consent.rs	commit_if_unchanged_locked	.mutants-gap/10_consent_fence.patch: expectation compare disabled (if false && captured(..) != *expected)	--lib personal_accounts::service::service_tests::service_consent_tests::the_guarded_store_entrypoint_fences_a_stale_expectation_without_writing	src/personal_accounts/service_consent_tests.rs:402 assert_eq!(outcome, GuardedCommit::Fenced)	YES	stale Absent expectation against a connected grant commits (commit_grant overwrites an existing slot without capacity refusal) and returns Committed	-	no	
11	account paths	src/personal_accounts/mod.rs	AccountKey::fields	.mutants-gap/11_key_fields.patch: empty/oversize refusal disabled (if false && fields.iter().any(..))	--lib personal_accounts::tests::s01_empty_and_oversized_fields_refuse_but_boundary_is_valid	src/personal_accounts/tests.rs:136-140 assert_eq!(account.digest(), Err(AccountError::InvalidAccountKey), "invalid boundary on axis {axis}")	YES	encode_fields only refuses > u32::MAX, so empty and 4097-byte fields now digest Ok	-	no	
12	account paths	src/personal_accounts/journey/callback.rs	is_replay	.mutants-gap/12_consumed_replay.patch: consumed flag ignored (before.consumed -> false)	--lib personal_accounts::storage::journey::tests_commit::t_c03d_admit_then_consume_is_durable_so_a_replay_after_restart_is_refused	src/personal_accounts/journey/tests_commit.rs:75 assert_eq!(refused(admit), JourneyRefusal::Replay) (helper tests.rs:128 panic "expected a refusal, got success")	YES	consumed record is still Started with a matching binding, so admit_callback admits the replay	-	no	
13	account paths	src/personal_accounts/migration_source.rs	read_legacy_source	.mutants-gap/13_symlink_precheck.patch: no-follow pre-open check disabled (if false && (!meta.is_file() || !privately_owned(&meta)))	--lib personal_accounts::storage::migration_source::migration_source_tests::a_symlink_at_the_resolved_path_refuses_even_to_a_valid_record	src/personal_accounts/migration_source_tests.rs:109-115 assert_eq!(read_legacy_source(&link).expect_err("a symlink must refuse"), SourceRefusal::NotPrivate{..})	YES	File::open follows the link to a private 0600 target, so the handle recheck passes and the record reads	-	no: the pre-open check is the only symlink refusal on unix	
14	account paths	src/personal_accounts/storage.rs	read_bounded	.mutants-gap/14_not_private.patch: privacy check disabled, size check kept ((false && not_private(..)) || len > bound)	--lib personal_accounts::tests::store::s03_record_filesystem_failures_are_not_absence	src/personal_accounts/store_tests.rs:501-505 assert_eq!(observed, Err(AccountError::StorageUnavailable), "unsafe record file {fault} must refuse ...")	YES	public_permissions case copies valid ciphertext at 0644; without not_private it decrypts and returns Connected	-	no	
15	account paths	src/personal_accounts/config.rs	forbid_external_strategy	.mutants-gap/15_external_strategy.patch: refusal disabled (if false && descriptor.external_strategy.is_some())	--lib personal_accounts::config::config_tests::adapter_tests::descriptor_identity_and_strategy_placement_are_refused	src/personal_accounts/config_adapter_tests.rs:166-171 assert_eq!(problem(managed+external_strategy), "external_strategy is valid only on mode external") (closure :144-147 panics "expected a descriptor refusal")	YES	complete managed descriptor is accepted by its control, so adding the block now validates Ok	-	no	
16	account paths	src/personal_accounts/journey/limits.rs	Rates::admit_start	.mutants-gap/16_start_rate.patch: per-user start limit replaced by u32::MAX	--lib personal_accounts::storage::journey::tests_gaps::start_rate_n_plus_one_within_a_minute_is_429_then_admitted_after_the_window	src/personal_accounts/journey/tests_gaps.rs:46-51 assert_eq!(refused(third), JourneyRefusal::RateLimited{retry_after: START_RATE_WINDOW - 2}) (helper tests.rs:128)	YES	third start inside the window is admitted, refused() panics	-	no	
1	OAuth	src/oauth/client/destination.rs	OAuthClient::check_advertised_endpoints	1_oauth_advertised.patch: body replaced by Ok(()) (no token/registration endpoint destination check)	--lib oauth::client::destination::tests::hardened_oauth_refuses_private_token_endpoint	src/oauth/client/destination_tests.rs:85-91 expect_err + "SSRF blocked"	YES	pilot result; private token endpoint now accepted so expect_err fails		no: fail-open variant exists	
2	OAuth	src/oauth/client/mod.rs	has_valid_token	2_has_valid_token.patch: is_some_and(|t| !t.is_expired()) -> is_some_and(|_t| true)	--lib oauth::client::tests::client_with_expired_token_returns_false	src/oauth/client/tests.rs:180 assert!(!client.has_valid_token())	YES	expires_at=Some(0) token now reports valid		no: fail-open variant exists	
3	OAuth	src/oauth/storage.rs	TokenInfo::is_expired	3_is_expired.patch: now + 60 >= expires_at -> now >= expires_at (buffer dropped)	--lib oauth::storage::tests::is_expired_with_60_second_buffer	src/oauth/storage/tests.rs:475 assert!(token.is_expired()) (expires_at=now+30)	YES	now+30 inside buffer becomes not-expired; now+120 neighbour unchanged		no: fail-open variant exists	
4	OAuth	src/oauth/client/mod.rs	validate_issuer	4_validate_issuer.patch: guard `iss == recorded` -> `iss == recorded || true` (any present iss accepted)	--test mik_7272_oauth_acs issuer::ac_oauth_1_a_different_issuer_is_refused_before_redemption	tests/mik_7272_oauth_acs.rs:113-116 assert!(validate_issuer(Some("https://attacker.example"), ...).is_err(), "a code from another issuer must not be redeemed here")	YES	mismatched iss now Ok; also killed by ac_oauth_1_the_comparison_is_exact :141-144		no: fail-open variant exists	
5	OAuth	src/oauth/callback.rs	handle_callback	5_handle_callback.patch: state check guarded by `false &&` (wrong state delivers code)	--lib oauth::callback::tests::callback_flow_state_mismatch	src/oauth/callback.rs:604 assert!(result.is_err())	YES	request carries code=code123&state=wrong_state, so mutant sends Ok(CallbackResult); also callback_outcomes_are_logged_by_event_name :700		no: fail-open variant exists	
6	OAuth	src/oauth/metadata.rs	AuthorizationServerMetadata::discover	6_discover.patch: if !issuer_matches -> if false && !issuer_matches	--lib oauth::metadata::tests::discovery_refuses_metadata_claiming_another_issuer	src/oauth/metadata.rs:317-324 expect_err("metadata naming a different issuer must be refused") + contains("issuer mismatch")	YES	foreign issuer metadata now returned Ok		no: fail-open variant exists	
7	OAuth	src/oauth/client/mod.rs	get_token	7_get_token.patch: drop `&& !t.is_expired()` from cached-token let-chain	--lib oauth::client::authorize_tests::get_token_refreshes_an_expired_token	src/oauth/client/authorize_tests.rs:311 assert_eq!(client.get_token().await.unwrap(), "access-b")	YES	expired cached token (expires_at=1) returned as "access-old" without refresh		no: fail-open variant exists	
8	OAuth	src/oauth/client/grants.rs	OAuthClient::authorize	8_authorize.patch: iss passed to validate_issuer as callback_result.iss.as_deref().filter(|_| false) (check sees None)	--lib oauth::client::authorize_tests::authorize_refuses_a_code_from_another_issuer_without_redeeming_it	src/oauth/client/authorize_tests.rs:272 outcome.expect_err("a code from another issuer is refused") (+ :277-280 forms empty)	YES	ranking lists mod.rs; fn is grants.rs:341. Code from other-as.example is redeemed and token stored		no: fail-open variant exists	
1	bridge	src/gateway/input_bridge.rs	InputBridge::plan	1_plan_undeclared.patch: interim.undeclared(declared).filter(|_| false)	--test mik_7212_mrtr7_bridge_acs first_round::ac_mrtr_7a_an_undeclared_opening_entry_is_refused_without_a_slice	tests/mik_7212_mrtr7_bridge/first_round.rs: Err(Refused) and no client frames	YES	killer added by #2877 (feb7bc559); RED in mutant run 37184438024	-	no: fail-open variant exists	
2	bridge	src/gateway/input_bridge.rs	is_bridge_reply_id	2_is_bridge_reply_id.patch: starts_with(prefix) -> starts_with(prefix) || true	--test mik_7212_mrtr7_bridge_acs ac_mrtr_7a_wire_methods_and_id_prefixes_match_the_admitted_set	tests/mik_7212_mrtr7_bridge_acs.rs:66-71 assert!(!is_bridge_reply_id(foreign), "ingress gate must not admit {foreign:?}")	YES	"" and "proxy-7" now admitted; minted prefixes still admitted		no: fail-open variant exists	
3	bridge	src/gateway/input_bridge.rs	InputBridge::prompt	3_prompt_slice.patch: slice check guarded by `false &&` (slice no longer narrows)	--test mik_7212_mrtr7_bridge_acs ac_mrtr_7a_an_undeclared_variant_is_not_asked_under_an_empty_slice	tests/mik_7212_mrtr7_bridge_acs/client_delivery.rs:258-262 assert!(client.frames().is_empty(), "an empty slice narrows to nothing, so nothing is asked: {:?}")	YES	Some(&[]) slice with declared elicitation now sends a frame; red after the 30s per-prompt timeout (outcome.is_err at client_delivery.rs:257 still holds)		no: fail-open variant exists; UnrecognisedMethod branch is unmutable fail-open (no kind to build) and already enforced by plan's undeclared()	
4	bridge	src/gateway/input_bridge.rs	InputBridge::run	4_run_gate_rounds.patch: in-loop gate refusal swallowed once dispatched (.or_else(|e| if dispatched {Ok(())} else {Err(e)})) - gate applies to first round only	--test mik_7212_mrtr7_bridge_acs ac_mrtr_7a_the_gate_inspects_every_round_not_only_the_first	tests/mik_7212_mrtr7_bridge_acs/policy_gate.rs:35-40 assert_eq!(outcome, Err(BridgeError::ChallengeRefused { dispatched: true }), "a blocked second-round batch must refuse the exchange...")	YES	tainted round-2 batch is asked; silent client times out -> Delivery TimedOut != ChallengeRefused, red only after the 30s per-prompt timeout (harness TEST_LIMIT 20min) (also policy_gate.rs:52 frames len 1 -> 2). Budget/undeclared clauses not covered by this mutant		no: fail-open variant exists	
1	startup	src/gateway/server/support.rs	PeerCertIdentityAcceptor::accept	1_startup_peerid.patch: malformed-leaf error from client_identity_from_peer_chain swallowed (unwrap_or(None))	NONE	NONE	G11	two-seat G11 finding made 2026-10-04 (gpt-20261004T095844Z-5106, grok-20261004T095845Z-5107): no non-equivalent fail-open mutant of accept exists; no leaf that webpki accepts is rejected by CertIdentity::from_der (guard #2884, d915c0f4a; untried: negative serial and an unusual signature-algorithm encoding, both need a hand-re-signed TBS). Replaced by understudy rank 9 (next row), the path's one equivalence (G11)	-	yes	
9	startup	src/gateway/server/mod.rs	Gateway::response_firewall	9_startup_responsefirewall.patch: the transition tracker is never built, so anomaly blocking is off even when configured	--lib gateway::server::signing_allocation_tests::response_firewall_anomaly::anomaly_detection_on_builds_a_firewall_that_blocks_a_never_seen_transition	src/gateway/server/tests/response_firewall_anomaly.rs:55-58 assert!(!never_seen_transition_is_allowed(&fw), "the built firewall must carry the transition tracker")	YES	understudy replacing startup rank 1 under G11; existing killer RED under this patch on Spark	-	no	
2	startup	src/gateway/server/support.rs	start_refusal	2_startup_startrefusal.patch: drops .or_else(replica_state_refusal), so start/restart advice ignores the replica refusal	--lib gateway::server::cleartext::tests::reload_restart_advice_counts_the_replica_refusal	src/gateway/server/cleartext_tests.rs:166-169 assert!(refused.restart_would_also_refuse, "a restart would refuse three replicas with the modern protocol on")	YES	replicas=3 + modern_protocol default; serve_refusal(wanted)==None is asserted at :164, so under the mutant start_refusal(wanted) is None and the flag goes false; also killed by --lib config_reload::replica_restart_tests::a_restart_into_a_replica_refusal_is_named_in_the_outcome		no	
3	startup	src/gateway/server/mod.rs	Gateway::prepare_signing	3_startup_preparesigning.patch: malformed chain nonce error swallowed (take_chain_nonce(..).unwrap_or(None)); envelope half untouched	--lib gateway::server::signing_allocation_tests::stdio_chain_nonce_refusal::a_malformed_chain_nonce_on_another_method_is_refused	src/gateway/server/tests/stdio_chain_nonce_refusal.rs:176 error code Some(-32602) naming the nonce key	YES	killer added by #2880 (fe03ac3e7); RED under this patch on Spark	-	no	
4	startup	src/gateway/server/cleartext.rs	cleartext_credential_refusal	4_startup_cleartext.patch: CleartextHttp::Refuse arm returns None, so credentials over plain HTTP on a network bind are served	--lib gateway::server::cleartext::tests::every_credential_gate_counts	src/gateway/server/cleartext_tests.rs:53-56 assert!(cleartext_credential_refusal(&c).is_some(), "{gate} accepts a credential over this listener, so plain HTTP on 0.0.0.0 must be refused")	YES	Calls the function directly with host 0.0.0.0, default cleartext_http=Refuse, mtls off; the mutant returns None on the first (auth) iteration		no	
5	startup	src/gateway/server/identity_grants.rs	audit_startup	5_startup_auditstartup.patch: snapshot failure ignored (let _ = auditor.snapshot(..)), so unrecorded rows are returned and served	--lib gateway::server::identity_grants::tests::t3cd_failed_snapshot_append_serves_nothing	src/gateway/server/identity_grants_tests.rs:408 assert!(live.read().values().next().is_none(), "fail_at={fail_at}")	YES	FlakyStore fails append 3 (loaded) or 5 (loaded_complete), both inside snapshot; under the mutant audit_startup returns Ok(rows) and start_identity_grant_audit publishes g1,g2		no	
6	startup	src/gateway/server/support.rs	network_bind_refusal	6_startup_networkbind.patch: if config.auth.enabled && !tools_are_public -> if config.auth.enabled (public /mcp no longer counts)	--lib gateway::server::support::network_bind_tests::auth_enabled_is_not_enough_when_tools_are_public	src/gateway/server/support.rs:791-794 assert!(refusal.is_some(), "tools open to the network with no credential must be refused")	YES	auth on + public_paths [/health,/mcp] on 0.0.0.0 with no mtls/agent_auth; mutant returns None at the auth branch. Also killed by a_public_path_counts_when_it_covers_the_tool_surface and a_blank_public_path_is_the_most_public_path_there_is. Leaves tools_are_public unread: unused_variables warning only (procedure does not deny warnings; lib denies only unsafe_code)		no	
7	startup	src/gateway/server/identity_grants.rs	start_identity_grant_audit	7_startup_grantaudit.patch: Unrecorded arm returns Ok(Some(sink)) instead of Ok(None), so later reloads publish grants with no auditor	--lib gateway::server::identity_grants::tests::t3cd_failed_snapshot_append_serves_nothing	src/gateway/server/identity_grants_tests.rs:422-425 assert!(live.read().values().next().is_none(), "a reload after the failed snapshot served grants, fail_at={fail_at}")	YES	Startup still publishes the empty set (:408 passes); the test then reloads with the returned sink; an auditor-less sink reads the file unlocked and publishes g1,g2 (src/config_reload/grant_reload.rs:163-205)		no	
8	startup	src/gateway/server/support.rs	serve_tls	8_startup_servetls.patch: build_tls_config gets a copy with require_client_cert=false, so a certless client completes the handshake	--lib gateway::server::support::tests::mtls_listener::serve_tls_refuses_a_client_without_a_trusted_certificate	src/gateway/server/support_tests.rs:283-287 assert!(outcome.is_err(), "client {stem:?} must be refused, got ..")	YES	build_tls_config switches to allow_unauthenticated() when require_client_cert is false (src/mtls/cert_manager.rs:382-391); the stem=None client then gets 200 on the first iteration. Stranger CA still refused, trusted client unchanged		no	
1	stdio dispatch	src/transport/stdio.rs	StdioTransport::handle_response	1_stdio_misdeliver.patch: a response whose id has no pending entry is delivered to another pending request (replaces the pilot's log-only mutant, ruled not fail-open)	--lib transport::stdio::tests::a_response_for_an_id_nobody_waits_on_reaches_no_other_caller	src/transport/stdio_tests.rs (new test, PR #2879): pending '7' kept and its receiver empty after a response for id 8	YES	killer added by #2879 (646e7384b); RED under this patch on Spark	-	no	
2	stdio dispatch	src/transport/stdio.rs	configure_child_environment	2_stdio_envclear.patch: cmd.env_clear() deleted, so the child inherits the whole gateway environment; PATH/HOME/TMPDIR and backend env still set	--lib transport::stdio::tests::backend_subprocess_receives_only_safe_and_explicit_environment	src/transport/stdio_tests.rs:257-260 assert!(output.status.success(), "stdio child environment scenario failed; stdout={stdout:?} stderr={stderr:?}") -- inner cause src/transport/stdio_tests.rs:325 assert_eq!(report["parent_secret_present"], false)	YES	Parent sets MCP_GATEWAY_TEST_PARENT_SECRET; without env_clear the sh child sees it and reports true; the line-325 panic fails the nested run, which the outer assert at 257-260 reports; G7 log check should match the outer message and find the line-325 panic in its stderr; note: cfg(unix); re-runs the binary on stdio_child_environment_isolation_scenario	-	no	
3	stdio dispatch	src/transport/stdio.rs	StdioTransport::register_progress_token	3_stdio_tokencollide.patch: Occupied arm overwrites the incumbent destination with the newcomer and returns true	--lib transport::stdio::tests::stdio_refuses_to_reroute_a_progress_token_that_is_already_live	src/transport/stdio_tests.rs:548-551 assert!(!refused.owns_registration, "a token already registered to a live call must be refused")	YES	The second register of tok-a now returns true, so owns_registration is true and the assert panics first. May leave the warn! import unused: warning only (procedure does not deny warnings)	-	no	
4	stdio dispatch	src/transport/stdio.rs	StdioTransport::capture_notification	4_stdio_progressonly.patch: method gate widened from == "notifications/progress" to starts_with("notifications/"), so any notification stamped with a registered params.progressToken is delivered	--lib transport::stdio::tests::a_message_stamped_with_a_registered_progress_token_is_not_delivered	src/transport/stdio_tests.rs (PR #2879) assert_eq!(first.method, notifications/progress)	YES	killer added by #2879 (646e7384b); RED under this patch on Spark	-	no	
5	stdio dispatch	src/transport/stdio.rs	ProgressRegistrationGuard::drop	5_stdio_guardowner.patch: owns_registration check removed, so a refused guard deregisters the incumbent token on drop	--lib transport::stdio::tests::stdio_refuses_to_reroute_a_progress_token_that_is_already_live	src/transport/stdio_tests.rs:563-567 assert_eq!(transport.progress_destinations.len(), 1, "the refused guard must leave the incumbent's entry in place")	YES	The refused guard drops at the end of the newcomer scope and removes tok-a, so len is 0 at line 563	-	no	
6	stdio dispatch	src/gateway/server/stdio_channel.rs	StdioClientChannel::reply_id	6_stdio_replymethod.patch: the method guard only refuses string methods, so a frame with an id and a non-string method (null) is classified as a reply; string-method requests unchanged (revised after intent review: deleting the guard changed valid requests)	--lib gateway::server::stdio_channel::tests::a_frame_with_a_null_method_is_not_a_reply	src/gateway/server/stdio_channel.rs (new test, PR #2879) assert_eq!(reply_id({id, method:null}), None)	YES	killer added by #2879 (646e7384b); RED under this patch on Spark	-	no	
7	stdio dispatch	src/transport/stdio.rs	StdioTransport::start	7_stdio_quoting.patch: an unsplittable command falls back to split_whitespace and is spawned instead of refused as Error::Config	--lib transport::stdio::start_refusal_tests::an_unterminated_quote_is_a_config_error	src/transport/stdio_start_refusal_tests.rs:26 assert!(matches!(err, Error::Config(_)), "got {err:?}")	YES	server "unterminated now reaches spawn; the error is TransportPermanent/Transport (or a handshake failure), never Config	-	no	
8	stdio dispatch	src/gateway/server/stdio_channel.rs	StdioClientChannel::resolve	8_stdio_resolveid.patch: an id with no pending entry resolves some other pending entry instead of returning false	--lib gateway::server::stdio_channel::tests::a_reply_for_another_id_leaves_the_waiting_request_pending	src/gateway/server/stdio_channel.rs (PR #2879) assert!(!channel.resolve(elicit-other, ..))	YES	killer added by #2879 (646e7384b); RED under this patch on Spark	-	no	
1	tasks	src/gateway/task_service/store.rs	TaskStore::admits_upstream_descriptor	1_tasks_ownerfilter.patch: owned(&state, owner, id)? replaced by an unfiltered state.entries.get(id) (owner ignored)	--lib gateway::task_service::store_tests::adapter_marker::boundary::upstream_02_the_descriptor_probe_answers_a_foreign_owner_not_found	src/gateway/task_service/store_tests/adapter_marker/boundary.rs: admits_upstream_descriptor(OTHER, ..) == Err(NotFound)	YES	killer added by #2877 (feb7bc559); RED in mutant run 37184438024	-	no	
2	tasks	src/gateway/task_service/service.rs	TaskService::owns_all	2_owns_all.patch: .take(1) inserted before .all(..), so only the first listed id is checked (partial yes; empty set and single owned id unchanged)	--lib gateway::task_service::service_tests::service_07_owns_all_is_all_or_nothing	src/gateway/task_service/service_tests.rs:395 assert!(!service.owns_all(ALICE, [task.id(), ABSENT_ID]))	YES	[owned, absent] checks only the owned first id under the mutant, returns true, the assert! fails; lines 394/396/397 stay green so valid behaviour is unchanged		no	
3	tasks	src/gateway/task_service/store.rs	owned	3_owned.patch: owner filter replaced by .filter(|_| !owner.is_empty() || true), so any existing id is returned to any owner	--lib gateway::task_service::store_tests::store_04_owner_and_revision_refusals_preserve_every_file_and_view	src/gateway/task_service/store_tests.rs:124-127 assert_eq!(store.get(OTHER, task.id()).unwrap_err(), StoreError::NotFound)	YES	store.get(OTHER, ..) returns Ok under the mutant, so the unwrap_err inside the declared assertion (line 125) panics; it is the test's first check after create. Log shows an unwrap_err-on-Ok panic at :125, not an assert_eq diff		no	
4	tasks	src/gateway/task_service/store_targets.rs	Shared::add_targets_blocking	4_add_targets.patch: owned(&state, owner, id)? replaced by an unfiltered state.entries.get(id) (owner ignored); revision and terminal checks kept	--lib gateway::task_service::store_tests::targets::add_targets_refuses_a_foreign_owner_a_moved_row_a_settled_row_and_a_closed_store	src/gateway/task_service/store_tests/targets.rs:222-229 assert_eq!(store.add_targets(owner, id, revision, vec![target()]).await.unwrap_err(), expected, "{why}") on case targets.rs:206 ("foreign owner", OTHER, live.id(), 1, StoreError::NotFound)	YES	the foreign-owner case runs first; live row at revision 1 and non-terminal, so the mutant returns Ok and the unwrap_err at :226 panics. No caller-side owner check on the store path; the panic message carries no {why}		no	
5	tasks	src/gateway/task_service/service.rs	TaskService::owner	5_owner.patch: a principal admission refuses to hash falls back to the digest of LOCAL_OPERATOR_PRINCIPAL instead of NotFound (attributable principals unchanged)	--lib gateway::task_service::service_tests::service_07b_an_unattributable_principal_owns_nothing_even_the_empty_set	src/gateway/task_service/service_tests.rs:414 assert!(!service.owns_all(principal, std::iter::empty::<&str>()))	YES	owns_all("", empty) gets an Ok owner under the mutant, and all() over the empty set is true, so the assert fails on the first loop iteration. Caveat: handlers.rs:1002 also gates on !unattributed, so this is a service-level kill only		no	
6	tasks	src/gateway/task_service/store_targets.rs	Shared::settle_bounded_blocking	6_settle_bounded.patch: owned(&state, owner, id)? replaced by an unfiltered state.entries.get(id) (owner ignored); revision check kept	--lib gateway::task_service::store_tests::targets::settle_bounded_refuses_a_foreign_owner_and_writes_nothing	src/gateway/task_service/store_tests/targets.rs:275 unwrap_err: foreign owner gets NotFound, files unchanged	YES	killer added by #2880 (fe03ac3e7); RED under this patch on Spark	-	no	
7	tasks	src/gateway/task_service/service.rs	TaskService::get	7_get.patch: inside get, an owner() refusal falls back to the LOCAL_OPERATOR_PRINCIPAL owner instead of propagating NotFound, so an unattributable caller reads the stdio operator's tasks	--lib gateway::task_service::service_tests::get_without_an_owner_identity_reads_nothing	src/gateway/task_service/service_tests.rs:447 unwrap_err: get("") and get(<4097 bytes>) give NotFound	YES	killer added by #2880 (fe03ac3e7); RED under this patch on Spark; the decision lives in owner(), get propagates it	-	no	
8	tasks	src/gateway/task_service/record.rs	UpstreamRecord::consistent_with	8_consistent_with.patch: operation-digest comparison neutralised (== .. || true); the handle/backend/tool checks kept	--lib gateway::task_service::record::legacy_tests::a_legacy_row_without_a_consistent_descriptor_names_nothing	src/gateway/task_service/record_legacy_tests.rs:64-67 assert!(targets("gateway_invoke", 3, Some(upstream("another-operation"))).is_empty(), "a descriptor bound to another operation does not speak for this row")	YES	legacy_targets (record.rs:401) filters on consistent_with; under the mutant the foreign-digest descriptor passes and yields one Target, so the assert fails with the declared message. Line 63 (None) stays green. Note: store.rs:533 mark_upstream checks the digest separately, so boundary.rs:132 does not kill this		no	
