# MIK-8245: replacements applied to the frozen C6 ranking's SAMPLE slots, without editing it.
# A row keeps its slot (named path + slot_rank), so each path's quota is unchanged.
# rule G9/G11: the slot is bound to understudy_rank of the same path (procedure G9, G11).
# rule G4-successor: the slot's security decision survives in another function; two seats
#   verified it (the bar G4 sets), and file/qualified/occurrence name that function.
# evidence: where the ruling is recorded.
named_path	slot_rank	rule	understudy_rank	file	qualified	occurrence	evidence
startup	1	G11	9				two seats, 2026-10-04: no non-equivalent fail-open mutant of PeerCertIdentityAcceptor::accept (docs/release/v4.0.0-gate-day-procedure.md, killer-gap table)
HTTP dispatch	9	G4-successor		src/gateway/router/handlers/dispatch_intake.rs	intake	1	two seats (gpt, agy) 2026-10-09: the agent-identity refusal moved from meta_mcp_dispatch into dispatch_intake::intake (#3636); sole carrier on POST /mcp (MIK-8245)
HTTP dispatch	11	G4-successor		src/gateway/router/direct_guards.rs	scan_direct_egress	1	two seats (gpt, kimi) 2026-10-09: the direct-route response firewall refusal survives in scan_direct_egress; response_blocked no longer exists (MIK-8245)
OAuth	8	G4-successor		src/oauth/client/grants.rs	OAuthClient::authorize_until	1	two seats (gpt, kimi) 2026-10-09: the RFC 9207 issuer check before redeeming the code moved from authorize (now a wrapper) into authorize_until (MIK-8245)
stdio dispatch	7	G4-successor		src/transport/stdio.rs	StdioTransport::spawn_command	1	two seats (gpt, agy) 2026-10-09: the stdio command quoting refusal moved from start into spawn_command, which start reaches before spawning (MIK-8245)
OAuth	2	qualify		src/oauth/client/mod.rs	OAuthClient::has_valid_token	1	identity only: the frozen row names this OAuthClient method by its bare name (MIK-8245)
OAuth	7	qualify		src/oauth/client/mod.rs	OAuthClient::get_token	1	identity only: the frozen row names this OAuthClient method by its bare name (MIK-8245)
