# MIK-8014: every fn on the tools/call path files -> the per-call timing row that covers it, or - with a reason.
# The http_invoke rows time a whole HTTP gateway_invoke end to end, so a function on that path is inside them.
# file	fn	row (or -)	reason
src/gateway/meta_mcp/invoke/dispatch.rs	accounted_dispatch	http_invoke_tiny	on the HTTP gateway_invoke path
src/gateway/meta_mcp/invoke/dispatch.rs	admit_spend	http_invoke_tiny	on the HTTP gateway_invoke path
src/gateway/meta_mcp/invoke/dispatch.rs	dispatch_to_backend	http_invoke_tiny	on the HTTP gateway_invoke path
src/gateway/meta_mcp/grant_audit.rs	allow_unslotted_check_for_test	-	test-only helper
src/gateway/meta_mcp/grant_audit.rs	check_or_stamp	http_invoke_tiny	on the HTTP gateway_invoke path
src/gateway/meta_mcp/grant_audit.rs	dispatch_below_gate_shaped	http_invoke_tiny	on the HTTP gateway_invoke path
src/gateway/meta_mcp/grant_audit.rs	drop	http_invoke_tiny	on the HTTP gateway_invoke path
src/gateway/meta_mcp/grant_audit.rs	envelope	http_invoke_tiny	on the HTTP gateway_invoke path
src/gateway/meta_mcp/grant_audit.rs	eq	-	equality impl; not on the dispatch path
src/gateway/meta_mcp/grant_audit.rs	fingerprint	http_invoke_tiny	on the HTTP gateway_invoke path
src/gateway/meta_mcp/grant_audit.rs	fmt	-	Debug formatting; not called per call
src/gateway/meta_mcp/grant_audit.rs	grant_bookkeeping_for_test	-	test-only helper
src/gateway/meta_mcp/grant_audit.rs	in_repeat_scope	http_invoke_tiny	on the HTTP gateway_invoke path
src/gateway/meta_mcp/grant_audit.rs	invoke_tool	http_invoke_tiny	on the HTTP gateway_invoke path
src/gateway/meta_mcp/grant_audit.rs	is_repeat	http_invoke_tiny	on the HTTP gateway_invoke path
src/gateway/meta_mcp/grant_audit.rs	note_answer_id	http_invoke_tiny	on the HTTP gateway_invoke path
src/gateway/meta_mcp/grant_audit.rs	note_grant_decision	http_invoke_tiny	on the HTTP gateway_invoke path
src/gateway/meta_mcp/grant_audit.rs	project	http_invoke_tiny	on the HTTP gateway_invoke path
src/gateway/meta_mcp/grant_audit.rs	remember	http_invoke_tiny	on the HTTP gateway_invoke path
src/gateway/meta_mcp/grant_audit.rs	select_records	http_invoke_tiny	on the HTTP gateway_invoke path
src/gateway/meta_mcp/grant_audit.rs	slot_http	http_invoke_tiny	on the HTTP gateway_invoke path
src/gateway/meta_mcp/grant_audit.rs	slot_result	http_invoke_tiny	on the HTTP gateway_invoke path
src/gateway/meta_mcp/grant_audit.rs	slot_rpc	-	stdio/RPC transport slot; the HTTP path opens slot_http
src/gateway/meta_mcp/grant_audit.rs	spawn_write	http_invoke_tiny	on the HTTP gateway_invoke path
src/gateway/meta_mcp/grant_audit.rs	stamp_prepared	http_invoke_tiny	on the HTTP gateway_invoke path
src/gateway/meta_mcp/grant_audit.rs	with_grant_slot	http_invoke_tiny	on the HTTP gateway_invoke path
src/gateway/meta_mcp/grant_audit.rs	write_records	http_invoke_tiny	on the HTTP gateway_invoke path
src/gateway/meta_mcp/call_dispatch.rs	begin_task	-	task-augmented calls only
src/gateway/meta_mcp/call_dispatch.rs	dispatch_below_gate	http_invoke_tiny	on the HTTP gateway_invoke path
src/gateway/meta_mcp/call_dispatch.rs	dispatch_below_gate_native_result	http_invoke_tiny	on the HTTP gateway_invoke path
src/gateway/meta_mcp/call_dispatch.rs	dispatch_below_gate_shaped_in_slot	http_invoke_tiny	on the HTTP gateway_invoke path
src/gateway/meta_mcp/call_dispatch.rs	handle_tools_call	http_invoke_tiny	on the HTTP gateway_invoke path
src/gateway/meta_mcp/call_dispatch.rs	invoke_named_backend_tool	http_invoke_tiny	on the HTTP gateway_invoke path
src/gateway/meta_mcp/call_dispatch.rs	route_direct_backend_call	-	direct /mcp/{backend} route, not the meta tools/call path
src/gateway/meta_mcp/call_dispatch.rs	route_retry_to_origin_backend	-	retry-to-origin path only
src/gateway/meta_mcp/call_dispatch.rs	task_backend_name	-	task-augmented calls only
src/gateway/meta_mcp/invoke.rs	fmt	-	Debug formatting; not called per call
src/gateway/meta_mcp/invoke.rs	invoke_tool_traced	http_invoke_tiny	on the HTTP gateway_invoke path
